id,title,city,district,property_type,listing_type,rooms,area_sqm,price,currency,year_built,energy_rating,description,has_parking,has_garden,has_pool,is_furnished,has_elevator,has_balcony,pets_allowed
P001,Spacious 4-room house in Stare Miasto,Krakow,Stare Miasto,house,sale,4,125,2192000,PLN,1964,E,"Spacious 4-room house in a new development in Stare Miasto, Krakow. 125 m2. Features: garden, furnished, balcony, pets allowed.",0,1,0,1,0,1,1
P002,Quiet 2-room apartment in Nowa Huta,Krakow,Nowa Huta,apartment,rent,2,64,4130,PLN,1911,D,"Quiet 2-room apartment near the tram stop in Nowa Huta, Krakow. 64 m2. Features: furnished, elevator, balcony, pets allowed.",0,0,0,1,1,1,1
P003,Spacious 1-room loft in Podgorze,Krakow,Podgorze,loft,rent,1,38,2270,PLN,1905,B,"Spacious 1-room loft near the tram stop in Podgorze, Krakow. 38 m2. Features: garden, furnished, pets allowed.",0,1,0,1,0,0,1
P004,Stylish 4-room loft in Wrzeszcz,Gdansk,Wrzeszcz,loft,sale,4,100,1520000,PLN,1968,B,"Stylish 4-room loft with a view of the old town in Wrzeszcz, Gdansk. 100 m2. Features: parking, elevator.",1,0,0,0,1,0,0
P005,Spacious 3-room apartment in Praga,Warsaw,Praga,apartment,sale,3,62,1342000,PLN,1950,D,"Spacious 3-room apartment a short walk from the university in Praga, Warsaw. 62 m2. Features: furnished.",0,0,0,1,0,0,0
P006,Cozy 4-room apartment in Wola,Warsaw,Wola,apartment,rent,4,119,9540,PLN,1976,A,"Cozy 4-room apartment on a quiet residential street in Wola, Warsaw. 119 m2. Features: furnished, pets allowed.",0,0,0,1,0,0,1
P007,Cozy 3-room apartment in Fabryczna,Wroclaw,Fabryczna,apartment,rent,3,83,5370,PLN,1900,C,"Cozy 3-room apartment a short walk from the university in Fabryczna, Wroclaw. 83 m2. Features: parking, balcony, pets allowed.",1,0,0,0,0,1,1
P008,Quiet 3-room apartment in Jezyce,Poznan,Jezyce,apartment,sale,3,97,1198000,PLN,1902,A,"Quiet 3-room apartment a short walk from the university in Jezyce, Poznan. 97 m2. Features: parking, pets allowed.",1,0,0,0,0,0,1
P009,Charming 1-room apartment in Srodmiescie,Gdansk,Srodmiescie,apartment,sale,1,31,507000,PLN,1954,B,"Charming 1-room apartment near the river in Srodmiescie, Gdansk. 31 m2. Features: furnished, pets allowed.",0,0,0,1,0,0,1
P010,Spacious studio in Jezyce,Poznan,Jezyce,studio,rent,1,32,1810,PLN,1928,A,"Spacious studio near the river in Jezyce, Poznan. 32 m2. Features: furnished, elevator, balcony.",0,0,0,1,1,1,0
P011,Elegant 3-room apartment in Stare Miasto,Krakow,Stare Miasto,apartment,sale,3,70,984000,PLN,1924,A,"Elegant 3-room apartment on a quiet residential street in Stare Miasto, Krakow. 70 m2. Features: furnished.",0,0,0,1,0,0,0
P012,Charming 4-room apartment in Krowodrza,Krakow,Krowodrza,apartment,rent,4,87,6640,PLN,1917,D,"Charming 4-room apartment a short walk from the university in Krowodrza, Krakow. 87 m2. Features: garden, balcony, pets allowed.",0,1,0,0,0,1,1
P013,Elegant 4-room apartment in Wola,Warsaw,Wola,apartment,sale,4,110,1674000,PLN,1927,D,"Elegant 4-room apartment a short walk from the university in Wola, Warsaw. 110 m2. Features: pets allowed.",0,0,0,0,0,0,1
P014,Bright 3-room apartment in Kazimierz,Krakow,Kazimierz,apartment,rent,3,84,5800,PLN,1994,E,"Bright 3-room apartment near the river in Kazimierz, Krakow. 84 m2. Features: furnished, balcony, pets allowed.",0,0,0,1,0,1,1
P015,Spacious 2-room apartment in Podgorze,Krakow,Podgorze,apartment,rent,2,49,2860,PLN,1976,A,"Spacious 2-room apartment near the river in Podgorze, Krakow. 49 m2. Features: parking, elevator, balcony.",1,0,0,0,1,1,0
P016,Modern 3-room apartment in Stare Miasto,Poznan,Stare Miasto,apartment,rent,3,78,4530,PLN,1958,E,"Modern 3-room apartment close to a park in Stare Miasto, Poznan. 78 m2. Features: parking, elevator, balcony.",1,0,0,0,1,1,0
P017,Charming 3-room apartment in Stare Miasto,Poznan,Stare Miasto,apartment,sale,3,70,963000,PLN,1985,E,"Charming 3-room apartment close to a park in Stare Miasto, Poznan. 70 m2. Features: furnished.",0,0,0,1,0,0,0
P018,Quiet 5-room townhouse in Wrzeszcz,Gdansk,Wrzeszcz,townhouse,sale,5,119,2000000,PLN,1987,C,"Quiet 5-room townhouse in a new development in Wrzeszcz, Gdansk. 119 m2. Features: garden, furnished, balcony, pets allowed.",0,1,0,1,0,1,1
P019,Sunny 1-room apartment in Wilda,Poznan,Wilda,apartment,sale,1,39,526000,PLN,1901,A,"Sunny 1-room apartment with an open-plan kitchen in Wilda, Poznan. 39 m2. Features: parking, furnished, balcony.",1,0,0,1,0,1,0
P020,Modern 2-room apartment in Kazimierz,Krakow,Kazimierz,apartment,rent,2,55,3140,PLN,1999,E,"Modern 2-room apartment next to shops and cafes in Kazimierz, Krakow. 55 m2. Features: parking, elevator, balcony.",1,0,0,0,1,1,0
P021,Spacious 4-room house in Psie Pole,Wroclaw,Psie Pole,house,sale,4,135,2100000,PLN,1920,A,"Spacious 4-room house in a historic tenement in Psie Pole, Wroclaw. 135 m2. Features: parking, garden.",1,1,0,0,0,0,0
P022,Renovated 2-room loft in Stare Miasto,Wroclaw,Stare Miasto,loft,sale,2,60,731000,PLN,1982,E,"Renovated 2-room loft next to shops and cafes in Stare Miasto, Wroclaw. 60 m2. Features: furnished, elevator, balcony.",0,0,0,1,1,1,0
P023,Charming 1-room apartment in Psie Pole,Wroclaw,Psie Pole,apartment,sale,1,29,400000,PLN,1949,E,"Charming 1-room apartment near the tram stop in Psie Pole, Wroclaw. 29 m2. Features: garden, elevator.",0,1,0,0,1,0,0
P024,Stylish 1-room apartment in Wola,Warsaw,Wola,apartment,rent,1,39,3600,PLN,1984,A,"Stylish 1-room apartment next to shops and cafes in Wola, Warsaw. 39 m2. Features: furnished, elevator.",0,0,0,1,1,0,0
P025,Sunny 3-room apartment in Zaspa,Gdansk,Zaspa,apartment,rent,3,81,5360,PLN,2006,A,"Sunny 3-room apartment with an open-plan kitchen in Zaspa, Gdansk. 81 m2. Features: parking, furnished, balcony.",1,0,0,1,0,1,0
P026,Stylish 4-room apartment in Srodmiescie,Gdansk,Srodmiescie,apartment,rent,4,112,7790,PLN,1911,B,"Stylish 4-room apartment next to shops and cafes in Srodmiescie, Gdansk. 112 m2. Features: pets allowed.",0,0,0,0,0,0,1
P027,Spacious 3-room house in Oliwa,Gdansk,Oliwa,house,sale,3,101,1287000,PLN,1963,D,"Spacious 3-room house on a quiet residential street in Oliwa, Gdansk. 101 m2. Features: garden, furnished, balcony.",0,1,0,1,0,1,0
P028,Charming studio in Mokotow,Warsaw,Mokotow,studio,sale,1,34,747000,PLN,2017,A,"Charming studio in a new development in Mokotow, Warsaw. 34 m2.",0,0,0,0,0,0,0
P029,Spacious 6-room house in Krzyki,Wroclaw,Krzyki,house,rent,6,219,12710,PLN,1998,E,"Spacious 6-room house in a historic tenement in Krzyki, Wroclaw. 219 m2. Features: garden, furnished.",0,1,0,1,0,0,0
P030,Sunny 3-room apartment in Krzyki,Wroclaw,Krzyki,apartment,sale,3,72,890000,PLN,1942,E,"Sunny 3-room apartment on a quiet residential street in Krzyki, Wroclaw. 72 m2. Features: garden, furnished, elevator, balcony, pets allowed.",0,1,0,1,1,1,1
P031,Sunny 4-room apartment in Fabryczna,Wroclaw,Fabryczna,apartment,rent,4,113,7840,PLN,1995,E,"Sunny 4-room apartment with an open-plan kitchen in Fabryczna, Wroclaw. 113 m2. Features: furnished, elevator.",0,0,0,1,1,0,0
P032,Charming 4-room apartment in Jezyce,Poznan,Jezyce,apartment,rent,4,105,5300,PLN,2016,D,"Charming 4-room apartment close to a park in Jezyce, Poznan. 105 m2.",0,0,0,0,0,0,0
P033,Sunny studio in Nowe Miasto,Poznan,Nowe Miasto,studio,sale,1,32,365000,PLN,1996,D,"Sunny studio in a historic tenement in Nowe Miasto, Poznan. 32 m2. Features: elevator, balcony, pets allowed.",0,0,0,0,1,1,1
P034,Spacious 3-room apartment in Wrzeszcz,Gdansk,Wrzeszcz,apartment,sale,3,78,907000,PLN,1960,A,"Spacious 3-room apartment with a view of the old town in Wrzeszcz, Gdansk. 78 m2. Features: garden, furnished, elevator.",0,1,0,1,1,0,0
P035,Renovated 3-room apartment in Jezyce,Poznan,Jezyce,apartment,rent,3,74,4110,PLN,1986,D,"Renovated 3-room apartment near the river in Jezyce, Poznan. 74 m2. Features: balcony, pets allowed.",0,0,0,0,0,1,1
P036,Charming 1-room apartment in Krzyki,Wroclaw,Krzyki,apartment,sale,1,37,515000,PLN,1901,D,"Charming 1-room apartment next to shops and cafes in Krzyki, Wroclaw. 37 m2. Features: parking, elevator, balcony, pets allowed.",1,0,0,0,1,1,1
P037,Stylish 4-room apartment in Stare Miasto,Wroclaw,Stare Miasto,apartment,rent,4,91,4680,PLN,1941,B,"Stylish 4-room apartment in a historic tenement in Stare Miasto, Wroclaw. 91 m2.",0,0,0,0,0,0,0
P038,Renovated 4-room loft in Podgorze,Krakow,Podgorze,loft,sale,4,122,2081000,PLN,1989,C,"Renovated 4-room loft near the river in Podgorze, Krakow. 122 m2. Features: parking, elevator, balcony, pets allowed.",1,0,0,0,1,1,1
P039,Spacious 1-room apartment in Stare Miasto,Poznan,Stare Miasto,apartment,sale,1,32,375000,PLN,1988,B,"Spacious 1-room apartment on a quiet residential street in Stare Miasto, Poznan. 32 m2. Features: elevator, pets allowed.",0,0,0,0,1,0,1
P040,Cozy 4-room apartment in Zaspa,Gdansk,Zaspa,apartment,rent,4,114,6880,PLN,1927,D,"Cozy 4-room apartment in a new development in Zaspa, Gdansk. 114 m2. Features: furnished, balcony.",0,0,0,1,0,1,0
P041,Bright 3-room townhouse in Zaspa,Gdansk,Zaspa,townhouse,rent,3,139,8170,PLN,1970,C,"Bright 3-room townhouse close to a park in Zaspa, Gdansk. 139 m2. Features: parking, garden, furnished, pets allowed.",1,1,0,1,0,0,1
P042,Modern 3-room apartment in Praga,Warsaw,Praga,apartment,sale,3,87,1607000,PLN,1980,A,"Modern 3-room apartment near the river in Praga, Warsaw. 87 m2. Features: parking, garden, elevator.",1,1,0,0,1,0,0
P043,Elegant 3-room house in Mokotow,Warsaw,Mokotow,house,rent,3,153,10870,PLN,1938,E,"Elegant 3-room house a short walk from the university in Mokotow, Warsaw. 153 m2. Features: garden, balcony.",0,1,0,0,0,1,0
P044,Stylish 1-room apartment in Srodmiescie,Wroclaw,Srodmiescie,apartment,sale,1,36,419000,PLN,1937,A,"Stylish 1-room apartment a short walk from the university in Srodmiescie, Wroclaw. 36 m2. Features: furnished, elevator, balcony.",0,0,0,1,1,1,0
P045,Charming studio in Wola,Warsaw,Wola,studio,rent,1,23,2120,PLN,1982,B,"Charming studio in a new development in Wola, Warsaw. 23 m2.",0,0,0,0,0,0,0
P046,Elegant 3-room apartment in Oliwa,Gdansk,Oliwa,apartment,sale,3,95,1615000,PLN,1976,A,"Elegant 3-room apartment near the tram stop in Oliwa, Gdansk. 95 m2. Features: elevator, balcony.",0,0,0,0,1,1,0
P047,Stylish studio in Srodmiescie,Wroclaw,Srodmiescie,studio,sale,1,23,270000,PLN,1997,B,"Stylish studio close to a park in Srodmiescie, Wroclaw. 23 m2. Features: elevator.",0,0,0,0,1,0,0
P048,Modern studio in Psie Pole,Wroclaw,Psie Pole,studio,rent,1,24,1750,PLN,1942,D,"Modern studio with a view of the old town in Psie Pole, Wroclaw. 24 m2. Features: elevator, balcony, pets allowed.",0,0,0,0,1,1,1
P049,Bright studio in Srodmiescie,Wroclaw,Srodmiescie,studio,rent,1,35,2340,PLN,1959,D,"Bright studio with an open-plan kitchen in Srodmiescie, Wroclaw. 35 m2. Features: parking, garden, furnished, elevator.",1,1,0,1,1,0,0
P050,Spacious 4-room apartment in Kazimierz,Krakow,Kazimierz,apartment,rent,4,80,5130,PLN,1939,E,"Spacious 4-room apartment with a view of the old town in Kazimierz, Krakow. 80 m2. Features: parking, elevator, balcony.",1,0,0,0,1,1,0
P051,Elegant 1-room apartment in Nowa Huta,Krakow,Nowa Huta,apartment,sale,1,31,524000,PLN,1958,E,"Elegant 1-room apartment in a new development in Nowa Huta, Krakow. 31 m2. Features: parking, balcony.",1,0,0,0,0,1,0
P052,Elegant 1-room apartment in Praga,Warsaw,Praga,apartment,sale,1,33,582000,PLN,1957,E,"Elegant 1-room apartment with a view of the old town in Praga, Warsaw. 33 m2. Features: furnished.",0,0,0,1,0,0,0
P053,Sunny 4-room apartment in Srodmiescie,Wroclaw,Srodmiescie,apartment,rent,4,100,7260,PLN,1984,B,"Sunny 4-room apartment on a quiet residential street in Srodmiescie, Wroclaw. 100 m2. Features: parking, elevator, balcony.",1,0,0,0,1,1,0
P054,Renovated 1-room apartment in Stare Miasto,Wroclaw,Stare Miasto,apartment,rent,1,31,1880,PLN,1979,D,"Renovated 1-room apartment next to shops and cafes in Stare Miasto, Wroclaw. 31 m2. Features: furnished, balcony.",0,0,0,1,0,1,0
P055,Sunny 3-room loft in Podgorze,Krakow,Podgorze,loft,rent,3,96,7990,PLN,1997,A,"Sunny 3-room loft near the tram stop in Podgorze, Krakow. 96 m2. Features: parking, garden.",1,1,0,0,0,0,0
P056,Cozy studio in Krzyki,Wroclaw,Krzyki,studio,sale,1,22,271000,PLN,1922,A,"Cozy studio with a view of the old town in Krzyki, Wroclaw. 22 m2. Features: parking, elevator, balcony.",1,0,0,0,1,1,0
P057,Renovated studio in Wilda,Poznan,Wilda,studio,sale,1,29,404000,PLN,1920,A,"Renovated studio with an open-plan kitchen in Wilda, Poznan. 29 m2. Features: parking, elevator, balcony.",1,0,0,0,1,1,0
P058,Sunny 6-room townhouse in Srodmiescie,Wroclaw,Srodmiescie,townhouse,rent,6,154,9060,PLN,1945,E,"Sunny 6-room townhouse near the river in Srodmiescie, Wroclaw. 154 m2. Features: parking, garden, pets allowed.",1,1,0,0,0,0,1
P059,Spacious 3-room apartment in Srodmiescie,Gdansk,Srodmiescie,apartment,rent,3,68,5090,PLN,2002,C,"Spacious 3-room apartment near the river in Srodmiescie, Gdansk. 68 m2.",0,0,0,0,0,0,0
P060,Renovated studio in Mokotow,Warsaw,Mokotow,studio,sale,1,32,499000,PLN,1995,D,"Renovated studio next to shops and cafes in Mokotow, Warsaw. 32 m2. Features: garden, elevator, balcony, pets allowed.",0,1,0,0,1,1,1
P061,Modern 3-room apartment in Mokotow,Warsaw,Mokotow,apartment,rent,3,69,6960,PLN,1996,B,"Modern 3-room apartment with a view of the old town in Mokotow, Warsaw. 69 m2. Features: furnished.",0,0,0,1,0,0,0
P062,Spacious 1-room apartment in Psie Pole,Wroclaw,Psie Pole,apartment,rent,1,35,1750,PLN,1903,E,"Spacious 1-room apartment a short walk from the university in Psie Pole, Wroclaw. 35 m2. Features: parking, furnished, elevator, pets allowed.",1,0,0,1,1,0,1
P063,Modern 1-room loft in Grunwald,Poznan,Grunwald,loft,sale,1,40,556000,PLN,2013,E,"Modern 1-room loft in a new development in Grunwald, Poznan. 40 m2. Features: parking, furnished, balcony.",1,0,0,1,0,1,0
P064,Spacious 2-room apartment in Praga,Warsaw,Praga,apartment,rent,2,63,4430,PLN,1912,C,"Spacious 2-room apartment next to shops and cafes in Praga, Warsaw. 63 m2. Features: elevator, balcony.",0,0,0,0,1,1,0
P065,Stylish 2-room apartment in Grunwald,Poznan,Grunwald,apartment,rent,2,50,2180,PLN,1908,E,"Stylish 2-room apartment in a new development in Grunwald, Poznan. 50 m2. Features: parking, elevator, balcony.",1,0,0,0,1,1,0
P066,Bright 3-room apartment in Ursynow,Warsaw,Ursynow,apartment,sale,3,74,1097000,PLN,1901,C,"Bright 3-room apartment with a view of the old town in Ursynow, Warsaw. 74 m2. Features: furnished, elevator, balcony.",0,0,0,1,1,1,0
P067,Charming 3-room apartment in Ursynow,Warsaw,Ursynow,apartment,sale,3,61,1279000,PLN,2021,E,"Charming 3-room apartment in a new development in Ursynow, Warsaw. 61 m2. Features: pets allowed.",0,0,0,0,0,0,1
P068,Cozy 1-room apartment in Nowa Huta,Krakow,Nowa Huta,apartment,sale,1,36,553000,PLN,1979,E,"Cozy 1-room apartment in a historic tenement in Nowa Huta, Krakow. 36 m2. Features: parking, balcony, pets allowed.",1,0,0,0,0,1,1
P069,Sunny 4-room apartment in Grunwald,Poznan,Grunwald,apartment,rent,4,118,6070,PLN,2013,B,"Sunny 4-room apartment a short walk from the university in Grunwald, Poznan. 118 m2.",0,0,0,0,0,0,0
P070,Modern 6-room house in Srodmiescie,Wroclaw,Srodmiescie,house,rent,6,114,6270,PLN,1911,D,"Modern 6-room house near the tram stop in Srodmiescie, Wroclaw. 114 m2. Features: parking, garden.",1,1,0,0,0,0,0
P071,Renovated 5-room house in Podgorze,Krakow,Podgorze,house,sale,5,121,1847000,PLN,1939,C,"Renovated 5-room house near the river in Podgorze, Krakow. 121 m2. Features: garden, pets allowed.",0,1,0,0,0,0,1
P072,Stylish 4-room apartment in Nowa Huta,Krakow,Nowa Huta,apartment,sale,4,90,1336000,PLN,1986,E,"Stylish 4-room apartment near the river in Nowa Huta, Krakow. 90 m2. Features: elevator, balcony.",0,0,0,0,1,1,0
P073,Cozy 3-room townhouse in Nowa Huta,Krakow,Nowa Huta,townhouse,rent,3,136,8760,PLN,1984,D,"Cozy 3-room townhouse near the river in Nowa Huta, Krakow. 136 m2. Features: garden, balcony, pets allowed.",0,1,0,0,0,1,1
P074,Stylish 3-room house in Kazimierz,Krakow,Kazimierz,house,sale,3,145,2178000,PLN,2013,A,"Stylish 3-room house near the tram stop in Kazimierz, Krakow. 145 m2. Features: garden, pool, balcony.",0,1,1,0,0,1,0
P075,Quiet 3-room house in Mokotow,Warsaw,Mokotow,house,sale,3,159,2940000,PLN,1914,C,"Quiet 3-room house on a quiet residential street in Mokotow, Warsaw. 159 m2. Features: garden, balcony.",0,1,0,0,0,1,0
P076,Modern 1-room apartment in Wilda,Poznan,Wilda,apartment,rent,1,32,2060,PLN,1963,D,"Modern 1-room apartment close to a park in Wilda, Poznan. 32 m2. Features: parking, pets allowed.",1,0,0,0,0,0,1
P077,Sunny 3-room apartment in Mokotow,Warsaw,Mokotow,apartment,sale,3,68,1494000,PLN,1914,D,"Sunny 3-room apartment in a historic tenement in Mokotow, Warsaw. 68 m2. Features: parking, garden.",1,1,0,0,0,0,0
P078,Quiet 3-room apartment in Podgorze,Krakow,Podgorze,apartment,rent,3,68,5600,PLN,1909,E,"Quiet 3-room apartment with a view of the old town in Podgorze, Krakow. 68 m2. Features: parking, furnished, elevator, balcony, pets allowed.",1,0,0,1,1,1,1
P079,Elegant 3-room apartment in Nowa Huta,Krakow,Nowa Huta,apartment,rent,3,91,5750,PLN,1996,E,"Elegant 3-room apartment a short walk from the university in Nowa Huta, Krakow. 91 m2. Features: parking, pets allowed.",1,0,0,0,0,0,1
P080,Quiet studio in Wilda,Poznan,Wilda,studio,rent,1,35,2240,PLN,1909,C,"Quiet studio with an open-plan kitchen in Wilda, Poznan. 35 m2. Features: parking, furnished.",1,0,0,1,0,0,0
P081,Bright 3-room apartment in Fabryczna,Wroclaw,Fabryczna,apartment,rent,3,72,5010,PLN,2016,E,"Bright 3-room apartment a short walk from the university in Fabryczna, Wroclaw. 72 m2. Features: furnished, elevator.",0,0,0,1,1,0,0
P082,Elegant studio in Wola,Warsaw,Wola,studio,sale,1,22,408000,PLN,1967,E,"Elegant studio a short walk from the university in Wola, Warsaw. 22 m2. Features: elevator, pets allowed.",0,0,0,0,1,0,1
P083,Renovated 4-room apartment in Jezyce,Poznan,Jezyce,apartment,rent,4,106,6060,PLN,2011,B,"Renovated 4-room apartment near the river in Jezyce, Poznan. 106 m2. Features: parking, furnished, elevator, pets allowed.",1,0,0,1,1,0,1
P084,Cozy 3-room apartment in Wrzeszcz,Gdansk,Wrzeszcz,apartment,sale,3,81,1264000,PLN,1911,D,"Cozy 3-room apartment with an open-plan kitchen in Wrzeszcz, Gdansk. 81 m2. Features: parking, elevator, balcony.",1,0,0,0,1,1,0
P085,Charming 2-room apartment in Grunwald,Poznan,Grunwald,apartment,rent,2,52,3300,PLN,1904,C,"Charming 2-room apartment with an open-plan kitchen in Grunwald, Poznan. 52 m2. Features: furnished, elevator, pets allowed.",0,0,0,1,1,0,1
P086,Renovated 2-room apartment in Jezyce,Poznan,Jezyce,apartment,sale,2,54,723000,PLN,1929,E,"Renovated 2-room apartment a short walk from the university in Jezyce, Poznan. 54 m2. Features: parking, balcony.",1,0,0,0,0,1,0
P087,Charming 4-room townhouse in Wola,Warsaw,Wola,townhouse,rent,4,184,16930,PLN,1953,B,"Charming 4-room townhouse with an open-plan kitchen in Wola, Warsaw. 184 m2. Features: garden, furnished.",0,1,0,1,0,0,0
P088,Renovated 1-room apartment in Ursynow,Warsaw,Ursynow,apartment,rent,1,40,3970,PLN,2015,E,"Renovated 1-room apartment a short walk from the university in Ursynow, Warsaw. 40 m2. Features: balcony.",0,0,0,0,0,1,0
P089,Modern 4-room apartment in Praga,Warsaw,Praga,apartment,sale,4,97,1771000,PLN,2001,B,"Modern 4-room apartment next to shops and cafes in Praga, Warsaw. 97 m2. Features: parking, elevator, balcony, pets allowed.",1,0,0,0,1,1,1
P090,Sunny 2-room apartment in Srodmiescie,Warsaw,Srodmiescie,apartment,rent,2,62,5560,PLN,1999,C,"Sunny 2-room apartment near the tram stop in Srodmiescie, Warsaw. 62 m2. Features: garden, furnished, elevator.",0,1,0,1,1,0,0
P091,Cozy 4-room apartment in Wola,Warsaw,Wola,apartment,sale,4,126,2344000,PLN,1954,A,"Cozy 4-room apartment in a historic tenement in Wola, Warsaw. 126 m2. Features: parking, elevator, pets allowed.",1,0,0,0,1,0,1
P092,Sunny 2-room apartment in Grunwald,Poznan,Grunwald,apartment,rent,2,71,3080,PLN,1905,D,"Sunny 2-room apartment a short walk from the university in Grunwald, Poznan. 71 m2. Features: garden, furnished, elevator.",0,1,0,1,1,0,0
P093,Quiet 3-room house in Srodmiescie,Gdansk,Srodmiescie,house,rent,3,178,10190,PLN,1943,B,"Quiet 3-room house with an open-plan kitchen in Srodmiescie, Gdansk. 178 m2. Features: garden, pool, furnished, pets allowed.",0,1,1,1,0,0,1
P094,Renovated studio in Fabryczna,Wroclaw,Fabryczna,studio,sale,1,23,336000,PLN,1950,E,"Renovated studio with an open-plan kitchen in Fabryczna, Wroclaw. 23 m2. Features: garden, pets allowed.",0,1,0,0,0,0,1
P095,Sunny 3-room apartment in Srodmiescie,Wroclaw,Srodmiescie,apartment,sale,3,74,1144000,PLN,2024,B,"Sunny 3-room apartment next to shops and cafes in Srodmiescie, Wroclaw. 74 m2. Features: parking.",1,0,0,0,0,0,0
P096,Elegant 1-room apartment in Fabryczna,Wroclaw,Fabryczna,apartment,rent,1,30,1740,PLN,1991,D,"Elegant 1-room apartment near the river in Fabryczna, Wroclaw. 30 m2. Features: furnished, elevator, balcony, pets allowed.",0,0,0,1,1,1,1
P097,Cozy 3-room apartment in Praga,Warsaw,Praga,apartment,sale,3,92,1572000,PLN,1918,E,"Cozy 3-room apartment close to a park in Praga, Warsaw. 92 m2. Features: furnished, balcony.",0,0,0,1,0,1,0
P098,Cozy 3-room apartment in Stare Miasto,Wroclaw,Stare Miasto,apartment,sale,3,80,1276000,PLN,1946,D,"Cozy 3-room apartment with an open-plan kitchen in Stare Miasto, Wroclaw. 80 m2. Features: parking, elevator, balcony, pets allowed.",1,0,0,0,1,1,1
P099,Elegant 1-room apartment in Srodmiescie,Gdansk,Srodmiescie,apartment,sale,1,32,463000,PLN,1915,B,"Elegant 1-room apartment in a new development in Srodmiescie, Gdansk. 32 m2. Features: balcony.",0,0,0,0,0,1,0
P100,Cozy 1-room apartment in Krowodrza,Krakow,Krowodrza,apartment,rent,1,38,2920,PLN,1965,B,"Cozy 1-room apartment next to shops and cafes in Krowodrza, Krakow. 38 m2. Features: furnished, elevator, balcony.",0,0,0,1,1,1,0
P101,Modern 6-room house in Kazimierz,Krakow,Kazimierz,house,sale,6,96,1432000,PLN,1950,D,"Modern 6-room house in a historic tenement in Kazimierz, Krakow. 96 m2. Features: garden, balcony.",0,1,0,0,0,1,0
P102,Stylish 4-room house in Wilda,Poznan,Wilda,house,sale,4,171,2142000,PLN,1998,B,"Stylish 4-room house with a view of the old town in Wilda, Poznan. 171 m2. Features: garden.",0,1,0,0,0,0,0
P103,Modern 1-room loft in Psie Pole,Wroclaw,Psie Pole,loft,sale,1,33,402000,PLN,1925,E,"Modern 1-room loft in a historic tenement in Psie Pole, Wroclaw. 33 m2. Features: parking, pets allowed.",1,0,0,0,0,0,1
P104,Stylish studio in Oliwa,Gdansk,Oliwa,studio,sale,1,30,457000,PLN,2005,A,"Stylish studio close to a park in Oliwa, Gdansk. 30 m2. Features: furnished, pets allowed.",0,0,0,1,0,0,1
P105,Renovated 4-room townhouse in Stare Miasto,Krakow,Stare Miasto,townhouse,rent,4,196,14740,PLN,1931,D,"Renovated 4-room townhouse a short walk from the university in Stare Miasto, Krakow. 196 m2. Features: parking, garden.",1,1,0,0,0,0,0
P106,Sunny 2-room apartment in Przymorze,Gdansk,Przymorze,apartment,sale,2,61,869000,PLN,1997,C,"Sunny 2-room apartment with a view of the old town in Przymorze, Gdansk. 61 m2. Features: parking.",1,0,0,0,0,0,0
P107,Cozy 4-room apartment in Nowe Miasto,Poznan,Nowe Miasto,apartment,sale,4,85,980000,PLN,2019,E,"Cozy 4-room apartment next to shops and cafes in Nowe Miasto, Poznan. 85 m2. Features: parking, garden, balcony.",1,1,0,0,0,1,0
P108,Stylish 6-room house in Oliwa,Gdansk,Oliwa,house,rent,6,217,16340,PLN,1906,A,"Stylish 6-room house next to shops and cafes in Oliwa, Gdansk. 217 m2. Features: garden, pool, furnished, balcony, pets allowed.",0,1,1,1,0,1,1
P109,Stylish 3-room apartment in Przymorze,Gdansk,Przymorze,apartment,rent,3,83,6180,PLN,1924,C,"Stylish 3-room apartment with an open-plan kitchen in Przymorze, Gdansk. 83 m2. Features: balcony.",0,0,0,0,0,1,0
P110,Cozy 3-room apartment in Grunwald,Poznan,Grunwald,apartment,rent,3,96,5340,PLN,1977,E,"Cozy 3-room apartment in a new development in Grunwald, Poznan. 96 m2. Features: parking, garden, furnished, pets allowed.",1,1,0,1,0,0,1
P111,Stylish 2-room apartment in Psie Pole,Wroclaw,Psie Pole,apartment,sale,2,58,779000,PLN,1975,C,"Stylish 2-room apartment in a historic tenement in Psie Pole, Wroclaw. 58 m2. Features: parking, furnished, balcony, pets allowed.",1,0,0,1,0,1,1
P112,Stylish 4-room apartment in Nowe Miasto,Poznan,Nowe Miasto,apartment,rent,4,82,4030,PLN,1933,E,"Stylish 4-room apartment a short walk from the university in Nowe Miasto, Poznan. 82 m2. Features: parking, furnished.",1,0,0,1,0,0,0
P113,Quiet 4-room house in Jezyce,Poznan,Jezyce,house,rent,4,187,8390,PLN,1919,D,"Quiet 4-room house on a quiet residential street in Jezyce, Poznan. 187 m2. Features: garden, pool, balcony, pets allowed.",0,1,1,0,0,1,1
P114,Quiet 1-room apartment in Praga,Warsaw,Praga,apartment,rent,1,33,2450,PLN,1945,C,"Quiet 1-room apartment with an open-plan kitchen in Praga, Warsaw. 33 m2. Features: parking, furnished, elevator, balcony.",1,0,0,1,1,1,0
P115,Quiet 3-room apartment in Wilda,Poznan,Wilda,apartment,sale,3,87,902000,PLN,2019,C,"Quiet 3-room apartment with an open-plan kitchen in Wilda, Poznan. 87 m2. Features: elevator, pets allowed.",0,0,0,0,1,0,1
P116,Spacious 4-room apartment in Wrzeszcz,Gdansk,Wrzeszcz,apartment,rent,4,99,5800,PLN,1934,E,"Spacious 4-room apartment with an open-plan kitchen in Wrzeszcz, Gdansk. 99 m2. Features: parking, furnished, elevator, balcony.",1,0,0,1,1,1,0
P117,Cozy 2-room apartment in Oliwa,Gdansk,Oliwa,apartment,sale,2,51,862000,PLN,2023,E,"Cozy 2-room apartment close to a park in Oliwa, Gdansk. 51 m2. Features: parking, furnished, elevator, balcony.",1,0,0,1,1,1,0
P118,Spacious studio in Praga,Warsaw,Praga,studio,rent,1,29,2640,PLN,1994,A,"Spacious studio with an open-plan kitchen in Praga, Warsaw. 29 m2. Features: furnished, elevator.",0,0,0,1,1,0,0
P119,Quiet 1-room loft in Praga,Warsaw,Praga,loft,sale,1,36,589000,PLN,1958,E,"Quiet 1-room loft in a historic tenement in Praga, Warsaw. 36 m2. Features: elevator, balcony.",0,0,0,0,1,1,0
P120,Renovated 4-room loft in Wilda,Poznan,Wilda,loft,sale,4,96,1285000,PLN,1986,B,"Renovated 4-room loft near the river in Wilda, Poznan. 96 m2. Features: parking, balcony, pets allowed.",1,0,0,0,0,1,1
P121,Spacious 4-room loft in Ursynow,Warsaw,Ursynow,loft,rent,4,114,7960,PLN,1996,C,"Spacious 4-room loft a short walk from the university in Ursynow, Warsaw. 114 m2. Features: furnished, elevator, balcony, pets allowed.",0,0,0,1,1,1,1
P122,Renovated 3-room apartment in Srodmiescie,Gdansk,Srodmiescie,apartment,sale,3,94,1463000,PLN,1981,C,"Renovated 3-room apartment near the tram stop in Srodmiescie, Gdansk. 94 m2. Features: parking, elevator.",1,0,0,0,1,0,0
P123,Spacious 4-room apartment in Zaspa,Gdansk,Zaspa,apartment,sale,4,92,1464000,PLN,1987,E,"Spacious 4-room apartment in a new development in Zaspa, Gdansk. 92 m2. Features: elevator.",0,0,0,0,1,0,0
P124,Modern 1-room apartment in Nowa Huta,Krakow,Nowa Huta,apartment,rent,1,33,1910,PLN,1991,E,"Modern 1-room apartment in a new development in Nowa Huta, Krakow. 33 m2. Features: furnished, elevator, balcony.",0,0,0,1,1,1,0
P125,Bright 1-room loft in Stare Miasto,Wroclaw,Stare Miasto,loft,rent,1,32,1930,PLN,1974,A,"Bright 1-room loft in a new development in Stare Miasto, Wroclaw. 32 m2. Features: garden, furnished, pets allowed.",0,1,0,1,0,0,1
P126,Sunny 1-room apartment in Krowodrza,Krakow,Krowodrza,apartment,sale,1,31,391000,PLN,2011,D,"Sunny 1-room apartment a short walk from the university in Krowodrza, Krakow. 31 m2.",0,0,0,0,0,0,0
P127,Bright studio in Stare Miasto,Wroclaw,Stare Miasto,studio,sale,1,32,494000,PLN,1959,E,"Bright studio in a historic tenement in Stare Miasto, Wroclaw. 32 m2. Features: parking, elevator.",1,0,0,0,1,0,0
P128,Bright 2-room apartment in Psie Pole,Wroclaw,Psie Pole,apartment,sale,2,60,678000,PLN,1926,A,"Bright 2-room apartment in a new development in Psie Pole, Wroclaw. 60 m2. Features: parking, elevator.",1,0,0,0,1,0,0
P129,Stylish 2-room apartment in Nowa Huta,Krakow,Nowa Huta,apartment,sale,2,47,727000,PLN,1973,E,"Stylish 2-room apartment next to shops and cafes in Nowa Huta, Krakow. 47 m2. Features: elevator, pets allowed.",0,0,0,0,1,0,1
P130,Bright 2-room apartment in Oliwa,Gdansk,Oliwa,apartment,sale,2,57,737000,PLN,2020,D,"Bright 2-room apartment next to shops and cafes in Oliwa, Gdansk. 57 m2. Features: elevator.",0,0,0,0,1,0,0
P131,Elegant studio in Grunwald,Poznan,Grunwald,studio,rent,1,24,1160,PLN,1971,D,"Elegant studio close to a park in Grunwald, Poznan. 24 m2. Features: parking, furnished, elevator, pets allowed.",1,0,0,1,1,0,1
P132,Sunny 2-room apartment in Psie Pole,Wroclaw,Psie Pole,apartment,rent,2,52,2890,PLN,1977,A,"Sunny 2-room apartment near the river in Psie Pole, Wroclaw. 52 m2. Features: parking, furnished, elevator, pets allowed.",1,0,0,1,1,0,1
P133,Modern 6-room house in Kazimierz,Krakow,Kazimierz,house,sale,6,143,2640000,PLN,2017,B,"Modern 6-room house a short walk from the university in Kazimierz, Krakow. 143 m2. Features: parking, garden, furnished.",1,1,0,1,0,0,0
P134,Elegant 3-room apartment in Jezyce,Poznan,Jezyce,apartment,sale,3,77,894000,PLN,2017,B,"Elegant 3-room apartment next to shops and cafes in Jezyce, Poznan. 77 m2. Features: balcony.",0,0,0,0,0,1,0
P135,Spacious 2-room apartment in Srodmiescie,Gdansk,Srodmiescie,apartment,sale,2,45,661000,PLN,1970,C,"Spacious 2-room apartment a short walk from the university in Srodmiescie, Gdansk. 45 m2. Features: elevator, balcony.",0,0,0,0,1,1,0
P136,Charming 6-room townhouse in Przymorze,Gdansk,Przymorze,townhouse,rent,6,133,9470,PLN,1967,A,"Charming 6-room townhouse close to a park in Przymorze, Gdansk. 133 m2. Features: parking, garden, furnished, pets allowed.",1,1,0,1,0,0,1
P137,Stylish 4-room house in Stare Miasto,Krakow,Stare Miasto,house,rent,4,149,8630,PLN,1984,D,"Stylish 4-room house a short walk from the university in Stare Miasto, Krakow. 149 m2. Features: parking, garden, furnished, balcony.",1,1,0,1,0,1,0
P138,Cozy 1-room apartment in Stare Miasto,Krakow,Stare Miasto,apartment,rent,1,31,2430,PLN,2017,A,"Cozy 1-room apartment near the tram stop in Stare Miasto, Krakow. 31 m2. Features: furnished, balcony.",0,0,0,1,0,1,0
P139,Modern 3-room apartment in Jezyce,Poznan,Jezyce,apartment,rent,3,77,3330,PLN,1911,D,"Modern 3-room apartment close to a park in Jezyce, Poznan. 77 m2. Features: furnished, balcony.",0,0,0,1,0,1,0
P140,Bright 1-room apartment in Fabryczna,Wroclaw,Fabryczna,apartment,sale,1,26,346000,PLN,1927,E,"Bright 1-room apartment in a new development in Fabryczna, Wroclaw. 26 m2. Features: balcony.",0,0,0,0,0,1,0
P141,Sunny 3-room apartment in Srodmiescie,Wroclaw,Srodmiescie,apartment,sale,3,92,1311000,PLN,1938,B,"Sunny 3-room apartment near the tram stop in Srodmiescie, Wroclaw. 92 m2. Features: parking, furnished, elevator, balcony.",1,0,0,1,1,1,0
P142,Modern 3-room apartment in Jezyce,Poznan,Jezyce,apartment,rent,3,79,4720,PLN,1977,E,"Modern 3-room apartment next to shops and cafes in Jezyce, Poznan. 79 m2. Features: garden, elevator, balcony, pets allowed.",0,1,0,0,1,1,1
P143,Cozy 3-room townhouse in Wilda,Poznan,Wilda,townhouse,rent,3,159,9480,PLN,1984,D,"Cozy 3-room townhouse near the river in Wilda, Poznan. 159 m2. Features: garden, furnished, pets allowed.",0,1,0,1,0,0,1
P144,Renovated 1-room apartment in Nowa Huta,Krakow,Nowa Huta,apartment,sale,1,28,377000,PLN,1946,C,"Renovated 1-room apartment a short walk from the university in Nowa Huta, Krakow. 28 m2. Features: elevator, balcony, pets allowed.",0,0,0,0,1,1,1
P145,Bright 4-room apartment in Kazimierz,Krakow,Kazimierz,apartment,rent,4,117,8410,PLN,1952,D,"Bright 4-room apartment in a historic tenement in Kazimierz, Krakow. 117 m2. Features: parking, garden, furnished, elevator.",1,1,0,1,1,0,0
P146,Modern 2-room loft in Nowa Huta,Krakow,Nowa Huta,loft,sale,2,67,910000,PLN,1932,B,"Modern 2-room loft next to shops and cafes in Nowa Huta, Krakow. 67 m2. Features: parking, furnished, elevator, balcony, pets allowed.",1,0,0,1,1,1,1
P147,Sunny studio in Psie Pole,Wroclaw,Psie Pole,studio,rent,1,23,1160,PLN,1917,C,"Sunny studio near the river in Psie Pole, Wroclaw. 23 m2. Features: parking, elevator.",1,0,0,0,1,0,0
P148,Stylish 6-room townhouse in Zaspa,Gdansk,Zaspa,townhouse,sale,6,170,2094000,PLN,1941,D,"Stylish 6-room townhouse in a new development in Zaspa, Gdansk. 170 m2. Features: parking, garden.",1,1,0,0,0,0,0
P149,Sunny 2-room apartment in Przymorze,Gdansk,Przymorze,apartment,sale,2,69,785000,PLN,1917,C,"Sunny 2-room apartment a short walk from the university in Przymorze, Gdansk. 69 m2. Features: pets allowed.",0,0,0,0,0,0,1
P150,Sunny studio in Wola,Warsaw,Wola,studio,rent,1,34,2740,PLN,1904,C,"Sunny studio with an open-plan kitchen in Wola, Warsaw. 34 m2. Features: furnished, elevator.",0,0,0,1,1,0,0
